[
  {
    "id": "3eaa920b-4ead-4caf-8d93-79640e9e38a6",
    "data": [
      {
        "text": "Playlist",
        "userDefined": false
      }
    ],
    "isTemplate": false,
    "count": 0,
    "updated": 1519656418
  },
  {
    "id": "4ddb1b7f-d4ea-474b-ab53-1b2ed06bf4b8",
    "data": [
      {
        "text": "Catégories",
        "userDefined": false
      }
    ],
    "isTemplate": false,
    "count": 0,
    "updated": 1519656418
  },
  {
    "id": "400c98a1-21f3-43a6-8ded-d6494ee6dc4c",
    "data": [
      {
        "text": "Quels genres?",
        "userDefined": false
      }
    ],
    "isTemplate": false,
    "count": 0,
    "updated": 1519656418
  },
  {
    "id": "b98ff406-c077-43f0-905a-c3d04d7e8d9a",
    "data": [
      {
        "text": "Avec quels genre joue-t-on?",
        "userDefined": false
      }
    ],
    "isTemplate": false,
    "count": 0,
    "updated": 1519656418
  },
  {
    "id": "3c5b3365-4169-4cf5-bf2c-4a1e7f376631",
    "data": [
      {
        "text": "Quelles sont les playlist?",
        "userDefined": false
      }
    ],
    "isTemplate": false,
    "count": 0,
    "updated": 1519656418
  },
  {
    "id": "41ce8309-d83b-4a02-a554-ac633e6b41df",
    "data": [
      {
        "text": "Quelles sont les catégories disponibles?",
        "userDefined": false
      }
    ],
    "isTemplate": false,
    "count": 0,
    "updated": 1519656418
  },
  {
    "id": "e5dc7762-f74b-4893-91d9-cb1225a642f6",
    "data": [
      {
        "text": "Catégories disponibles?",
        "userDefined": false
      }
    ],
    "isTemplate": false,
    "count": 0,
    "updated": 1519656418
  }
]