[
  {
    "id": "ee09cfa2-2f1c-403e-ad31-4aa6ccd9366d",
    "data": [
      {
        "text": "Démarre ",
        "userDefined": false
      },
      {
        "text": "blablabla",
        "alias": "playlistName",
        "meta": "@sys.any",
        "userDefined": true
      }
    ],
    "isTemplate": false,
    "count": 0,
    "updated": 1519740797
  },
  {
    "id": "1d2063b0-7ef3-4eca-b3c1-5a0a0a1297a7",
    "data": [
      {
        "text": "Start ",
        "userDefined": false
      },
      {
        "text": "80",
        "alias": "playlistName",
        "meta": "@sys.any",
        "userDefined": false
      }
    ],
    "isTemplate": false,
    "count": 0,
    "updated": 1519740797
  }
]