[
  {
    "id": "9cca41cd-55dd-430d-9535-932f69bf5360",
    "data": [
      {
        "text": "C\u0027est ",
        "userDefined": false
      },
      {
        "text": "blabla",
        "alias": "answer",
        "meta": "@sys.any",
        "userDefined": true
      }
    ],
    "isTemplate": false,
    "count": 0,
    "updated": 1519740683
  },
  {
    "id": "e6c723e2-ddf4-4b9c-a68f-90438b0dc13d",
    "data": [
      {
        "text": "Je pense que c\u0027est ",
        "userDefined": false
      },
      {
        "text": "blabla",
        "alias": "answer",
        "meta": "@sys.any",
        "userDefined": true
      }
    ],
    "isTemplate": false,
    "count": 0,
    "updated": 1519740683
  },
  {
    "id": "df5e34ce-2ba2-4f01-8891-11b339a4329d",
    "data": [
      {
        "text": "blabla",
        "alias": "answer",
        "meta": "@sys.any",
        "userDefined": true
      }
    ],
    "isTemplate": false,
    "count": 0,
    "updated": 1519740683
  }
]