[
  {
    "id": "b54e139e-d86d-4b00-8e67-1a3804f65c04",
    "data": [
      {
        "text": "ajouter la tache ",
        "userDefined": false
      },
      {
        "text": "aspirer la maison",
        "alias": "title",
        "meta": "@sys.any",
        "userDefined": true
      }
    ],
    "isTemplate": false,
    "count": 0,
    "updated": 1520004212
  },
  {
    "id": "7389a245-e468-42be-9789-950e86910711",
    "data": [
      {
        "text": "je veux ajouter la tâche ",
        "userDefined": false
      },
      {
        "text": "faire les courses",
        "alias": "title",
        "meta": "@sys.any",
        "userDefined": true
      }
    ],
    "isTemplate": false,
    "count": 0,
    "updated": 1520004212
  },
  {
    "id": "f50d867b-d7fb-48d1-a996-3c9dd431cf71",
    "data": [
      {
        "text": "Nouvelle tâche",
        "userDefined": false
      }
    ],
    "isTemplate": false,
    "count": 0,
    "updated": 1519985151
  },
  {
    "id": "8dd25a8a-ff62-46af-b5f6-8b7c0b1d0ecd",
    "data": [
      {
        "text": "ajouter ",
        "userDefined": false
      },
      {
        "text": "une",
        "meta": "@sys.ignore",
        "userDefined": false
      },
      {
        "text": " tâche ",
        "userDefined": false
      },
      {
        "text": "non prioritaire",
        "alias": "priority",
        "meta": "@Priority",
        "userDefined": false
      }
    ],
    "isTemplate": false,
    "count": 0,
    "updated": 1519982211
  },
  {
    "id": "69cec7fc-3c54-48f3-93ee-63ae635d0155",
    "data": [
      {
        "text": "ajouter ",
        "userDefined": false
      },
      {
        "text": "une",
        "meta": "@sys.ignore",
        "userDefined": false
      },
      {
        "text": " nouvelle tache",
        "userDefined": false
      }
    ],
    "isTemplate": false,
    "count": 0,
    "updated": 1519982211
  },
  {
    "id": "7f24a65c-ce36-416c-82b1-4e299f6c9ebc",
    "data": [
      {
        "text": "Nouvelle tache ",
        "userDefined": false
      },
      {
        "text": "prioritaire",
        "alias": "priority",
        "meta": "@Priority",
        "userDefined": false
      }
    ],
    "isTemplate": false,
    "count": 0,
    "updated": 1519806950
  },
  {
    "id": "39a8aa34-9698-4588-acb6-b8f0b602438d",
    "data": [
      {
        "text": "Je veux ajouter ",
        "userDefined": false
      },
      {
        "text": "une",
        "meta": "@sys.ignore",
        "userDefined": false
      },
      {
        "text": " tâche",
        "userDefined": false
      }
    ],
    "isTemplate": false,
    "count": 0,
    "updated": 1519806950
  }
]