[
  {
    "id": "bf82cd4a-9a28-43c1-9ab5-14d42c272d7e",
    "data": [
      {
        "text": "affiche ",
        "userDefined": false
      },
      {
        "text": "moi",
        "meta": "@sys.ignore",
        "userDefined": false
      },
      {
        "text": " la liste des tâches",
        "userDefined": false
      }
    ],
    "isTemplate": false,
    "count": 0,
    "updated": 1519984979
  },
  {
    "id": "e2177a1c-661d-47f7-85ae-b39b301c998e",
    "data": [
      {
        "text": "Montre ",
        "userDefined": false
      },
      {
        "text": "moi",
        "meta": "@sys.ignore",
        "userDefined": false
      },
      {
        "text": " mes taches",
        "userDefined": false
      }
    ],
    "isTemplate": false,
    "count": 0,
    "updated": 1519984979
  },
  {
    "id": "0ba7d343-487e-4330-ba66-20747dae47a7",
    "data": [
      {
        "text": "Donne ",
        "userDefined": false
      },
      {
        "text": "moi",
        "meta": "@sys.ignore",
        "userDefined": false
      },
      {
        "text": " ma liste de taches",
        "userDefined": false
      }
    ],
    "isTemplate": false,
    "count": 0,
    "updated": 1519984979
  },
  {
    "id": "65a65da6-dbab-4032-a5ea-1b8a38c37390",
    "data": [
      {
        "text": "litse de tâches",
        "userDefined": false
      }
    ],
    "isTemplate": false,
    "count": 0,
    "updated": 1519984979
  },
  {
    "id": "6568eafe-2a95-4f2c-91b2-3138fcfe55e6",
    "data": [
      {
        "text": "liste des taches",
        "userDefined": false
      }
    ],
    "isTemplate": false,
    "count": 0,
    "updated": 1519985168
  },
  {
    "id": "c2ba2460-db94-4003-9e12-3ad439e22439",
    "data": [
      {
        "text": "Donne ",
        "userDefined": false
      },
      {
        "text": "moi",
        "meta": "@sys.ignore",
        "userDefined": false
      },
      {
        "text": " la liste",
        "userDefined": false
      }
    ],
    "isTemplate": false,
    "count": 0,
    "updated": 1519984979
  }
]