[
  {
    "id": "5eee3662-3b76-4b8b-8a5f-2e859fa5d5b0",
    "data": [
      {
        "text": "tâche terminée",
        "userDefined": false
      }
    ],
    "isTemplate": false,
    "count": 0,
    "updated": 1519985192
  },
  {
    "id": "bbc1d680-cc14-4934-b997-3dde6b55eccd",
    "data": [
      {
        "text": "j\u0027ai terminé ",
        "userDefined": false
      },
      {
        "text": "any",
        "alias": "title",
        "meta": "@sys.any",
        "userDefined": true
      }
    ],
    "isTemplate": false,
    "count": 0,
    "updated": 1519663584
  },
  {
    "id": "7ca23479-0bec-4e7b-baf6-fd8a876af382",
    "data": [
      {
        "text": "J\u0027ai fini ",
        "userDefined": false
      },
      {
        "text": "une",
        "meta": "@sys.ignore",
        "userDefined": false
      },
      {
        "text": " tâche",
        "userDefined": false
      }
    ],
    "isTemplate": false,
    "count": 0,
    "updated": 1519663584
  }
]