[
  {
    "id": "91173b7a-9a49-4ca5-ad61-c775e6ced778",
    "data": [
      {
        "text": "Wunder répond ",
        "userDefined": false
      },
      {
        "text": "moi",
        "meta": "@sys.ignore",
        "userDefined": false
      }
    ],
    "isTemplate": false,
    "count": 0,
    "updated": 1519757120
  },
  {
    "id": "95dc0aed-adfb-4645-971f-353d9784d0a3",
    "data": [
      {
        "text": "Je veux parler à Wunder",
        "userDefined": false
      }
    ],
    "isTemplate": false,
    "count": 0,
    "updated": 1519757120
  },
  {
    "id": "9ca0f1cc-f7f1-4226-863d-c848af100311",
    "data": [
      {
        "text": "Hello Wunder !",
        "userDefined": false
      }
    ],
    "isTemplate": false,
    "count": 0,
    "updated": 1519757120
  },
  {
    "id": "610dbc6f-857f-43f2-808d-cbb0d89e8760",
    "data": [
      {
        "text": "Hi",
        "userDefined": false
      }
    ],
    "isTemplate": false,
    "count": 0,
    "updated": 1519757120
  },
  {
    "id": "eb8ba777-7ddf-4798-8c99-506f2d32ef6c",
    "data": [
      {
        "text": "Hello",
        "userDefined": false
      }
    ],
    "isTemplate": false,
    "count": 0,
    "updated": 1519757120
  },
  {
    "id": "33ff58f2-6d73-4516-a1dd-f78bbc03bd8f",
    "data": [
      {
        "text": "Bonjour",
        "userDefined": false
      }
    ],
    "isTemplate": false,
    "count": 0,
    "updated": 1519757120
  }
]