{"name":"8633c2a1-ec7e-4684-b192-8cba938bc70d","id":"/providers/Microsoft.Flow/flows/8633c2a1-ec7e-4684-b192-8cba938bc70d","type":"Microsoft.Flow/flows","properties":{"apiId":"/providers/Microsoft.PowerApps/apis/shared_logicflows","displayName":"ToDo List Flow - Lab","definition":{"$schema":"https://schema.management.azure.com/providers/Microsoft.Logic/schemas/2016-06-01/workflowdefinition.json#","contentVersion":"1.0.0.0","parameters":{"$connections":{"defaultValue":{},"type":"Object"},"$authentication":{"defaultValue":{},"type":"SecureObject"}},"triggers":{"manual":{"type":"Request","kind":"Http","inputs":{"schema":{"type":"object","properties":{"Action":{"type":"string"},"Title":{"type":"string"},"Priority":{"type":"boolean"}}}}}},"actions":{"Switch":{"runAfter":{"Initialize_variable_2":["Succeeded"]},"cases":{"Case":{"case":"addToDo","actions":{"Create_a_task":{"runAfter":{},"metadata":{"flowSystemMetadata":{"swaggerOperationId":"CreateTask"}},"type":"ApiConnection","inputs":{"host":{"api":{"runtimeUrl":"https://europe-001.azure-apim.net/apim/wunderlist"},"connection":{"name":"@parameters('$connections')['shared_wunderlist']['connectionId']"}},"method":"post","body":{"list_id":340999061,"title":"@triggerBody()?['Title']","starred":"@variables('priority')"},"path":"/tasks","authentication":"@parameters('$authentication')"}},"Response":{"runAfter":{"Create_a_task":["Succeeded"]},"type":"Response","inputs":{"statusCode":201,"headers":{"Content-Type":"application/json"},"body":{"speech":"La nouvelle tâche (@{triggerBody()?['Title']}) a bien été ajoutée","displayText":"La nouvelle tâche (@{triggerBody()?['Title']}) a bien été ajoutée !","source":"MS flow"}}}}},"Case_2":{"case":"executedToDo","actions":{"Get_tasks_for_a_list":{"runAfter":{},"metadata":{"flowSystemMetadata":{"swaggerOperationId":"ListTasks"}},"type":"ApiConnection","inputs":{"host":{"api":{"runtimeUrl":"https://europe-001.azure-apim.net/apim/wunderlist"},"connection":{"name":"@parameters('$connections')['shared_wunderlist']['connectionId']"}},"method":"get","path":"/tasks","queries":{"list_id":340999061,"completed":false},"authentication":"@parameters('$authentication')"}},"Apply_to_each":{"foreach":"@body('Get_tasks_for_a_list')","actions":{"Condition":{"actions":{"Update_a_task":{"runAfter":{"Set_variable":["Succeeded"]},"metadata":{"flowSystemMetadata":{"swaggerOperationId":"UpdateTask"}},"type":"ApiConnection","inputs":{"host":{"api":{"runtimeUrl":"https://europe-001.azure-apim.net/apim/wunderlist"},"connection":{"name":"@parameters('$connections')['shared_wunderlist']['connectionId']"}},"method":"patch","body":{"revision":1,"completed":true},"path":"/tasks/@{encodeURIComponent(items('Apply_to_each')?['id'])}","queries":{"list_id":340999061},"authentication":"@parameters('$authentication')"}},"Set_variable":{"runAfter":{},"type":"SetVariable","inputs":{"name":"taskIdToDelete","value":"@items('Apply_to_each')?['id']"}}},"runAfter":{},"expression":"@equals(items('Apply_to_each')?['title'], triggerBody()?['Title'])","type":"If"}},"runAfter":{"Get_tasks_for_a_list":["Succeeded"]},"type":"Foreach"},"Condition_2":{"actions":{"Response_2":{"runAfter":{},"type":"Response","inputs":{"statusCode":200,"headers":{"Content-Type":"application/json"},"body":{"speech":"Et une de moins, la tâche @{triggerBody()?['Title']} est terminée","displayText":"Et une de moins, la tâche @{triggerBody()?['Title']} est terminée !","source":"MS flow"}}}},"runAfter":{"Apply_to_each":["Succeeded"]},"else":{"actions":{"Response_3":{"runAfter":{},"type":"Response","inputs":{"statusCode":400,"headers":{"Content-Type":"application/json"},"body":{"speech":"Désolé cette tâche ne se trouve pas dans votre liste","displayText":"Désolé, cette tâche ne se trouve pas dans votre liste !","source":"MS flow"}}}}},"expression":"@not(equals(variables('taskIdToDelete'), 0))","type":"If"}}},"Case_3":{"case":"getAllToDo","actions":{"Get_tasks_for_a_list_2":{"runAfter":{},"metadata":{"flowSystemMetadata":{"swaggerOperationId":"ListTasks"}},"type":"ApiConnection","inputs":{"host":{"api":{"runtimeUrl":"https://europe-001.azure-apim.net/apim/wunderlist"},"connection":{"name":"@parameters('$connections')['shared_wunderlist']['connectionId']"}},"method":"get","path":"/tasks","queries":{"list_id":340999061,"completed":false},"authentication":"@parameters('$authentication')"}},"Response_4":{"runAfter":{"Apply_to_each_2":["Succeeded"]},"type":"Response","inputs":{"statusCode":200,"headers":{"Content-Type":"application/json"},"body":{"Tasks":"@variables('taskArray')"}}},"Apply_to_each_2":{"foreach":"@body('Get_tasks_for_a_list_2')","actions":{"Append_to_array_variable":{"runAfter":{},"type":"AppendToArrayVariable","inputs":{"name":"taskArray","value":"@items('Apply_to_each_2')?['title']"}}},"runAfter":{"Get_tasks_for_a_list_2":["Succeeded"]},"type":"Foreach"}}},"Case_4":{"case":"deleteToDo","actions":{"Get_tasks_for_a_list_3":{"runAfter":{},"metadata":{"flowSystemMetadata":{"swaggerOperationId":"ListTasks"}},"type":"ApiConnection","inputs":{"host":{"api":{"runtimeUrl":"https://europe-001.azure-apim.net/apim/wunderlist"},"connection":{"name":"@parameters('$connections')['shared_wunderlist']['connectionId']"}},"method":"get","path":"/tasks","queries":{"list_id":340999061,"completed":false},"authentication":"@parameters('$authentication')"}},"Apply_to_each_3":{"foreach":"@body('Get_tasks_for_a_list_3')","actions":{"Condition_3":{"actions":{"Delete_task_2":{"runAfter":{"Set_variable_2":["Succeeded"]},"metadata":{"flowSystemMetadata":{"swaggerOperationId":"DeleteTask"}},"type":"ApiConnection","inputs":{"host":{"api":{"runtimeUrl":"https://europe-001.azure-apim.net/apim/wunderlist"},"connection":{"name":"@parameters('$connections')['shared_wunderlist']['connectionId']"}},"method":"delete","path":"/tasks/@{encodeURIComponent(items('Apply_to_each_3')?['id'])}","queries":{"list_id":340999061,"revision":1},"authentication":"@parameters('$authentication')"}},"Set_variable_2":{"runAfter":{},"type":"SetVariable","inputs":{"name":"taskIdToDelete","value":"@items('Apply_to_each_3')?['id']"}}},"runAfter":{},"expression":"@equals(items('Apply_to_each_3')?['title'], triggerBody()?['Title'])","type":"If"}},"runAfter":{"Get_tasks_for_a_list_3":["Succeeded"]},"type":"Foreach"},"Condition_4":{"actions":{"Response_5":{"runAfter":{},"type":"Response","inputs":{"statusCode":200,"headers":{"Content-Type":"application/json"},"body":{"speech":"La tâche @{triggerBody()?['Title']} a bien été supprimée","displayText":"La tâche @{triggerBody()?['Title']} a bien été supprimée !","source":"MS flow"}}}},"runAfter":{"Apply_to_each_3":["Succeeded"]},"else":{"actions":{"Response_6":{"runAfter":{},"type":"Response","inputs":{"statusCode":400,"headers":{"Content-Type":"application/json"},"body":{"speech":"Désolé cette tâche ne se trouve pas dans votre liste","displayText":"Désolé, cette tâche ne se trouve pas dans votre liste !","source":"MS flow"}}}}},"expression":"@not(equals(variables('taskIdToDelete'), 0))","type":"If"}}}},"default":{"actions":{}},"expression":"@triggerBody()?['Action']","type":"Switch"},"Initialize_variable":{"runAfter":{},"type":"InitializeVariable","inputs":{"variables":[{"name":"taskIdToDelete","type":"Integer","value":0}]}},"Initialize_variable_2":{"runAfter":{"Initialize_variable_3":["Succeeded"]},"type":"InitializeVariable","inputs":{"variables":[{"name":"taskArray","type":"Array"}]}},"Initialize_variable_3":{"runAfter":{"Initialize_variable":["Succeeded"]},"type":"InitializeVariable","inputs":{"variables":[{"name":"priority","type":"Boolean","value":"@triggerBody()?['Priority']"}]}}},"outputs":{}},"connectionReferences":{"shared_wunderlist":{"connectionName":"shared-wunderlist-5ed58c1f-9eb6-424f-be56-c5eab31e427d","source":"Embedded","id":"/providers/Microsoft.PowerApps/apis/shared_wunderlist","tier":"NotSpecified"}},"flowFailureAlertSubscribed":false}}