[
  {
    "id": "48d24470-52ba-4e4e-9034-4222815cc644",
    "data": [
      {
        "text": "supprimer la tâche ",
        "userDefined": false
      },
      {
        "text": "blabla",
        "alias": "title",
        "meta": "@sys.any",
        "userDefined": true
      }
    ],
    "isTemplate": false,
    "count": 0,
    "updated": 1519669022
  },
  {
    "id": "155a3eb6-53ae-4805-959a-1ff4c17e10e9",
    "data": [
      {
        "text": "je veux supprimer ",
        "userDefined": false
      },
      {
        "text": "une",
        "meta": "@sys.ignore",
        "userDefined": false
      },
      {
        "text": " tâche",
        "userDefined": false
      }
    ],
    "isTemplate": false,
    "count": 0,
    "updated": 1519669022
  },
  {
    "id": "760cb387-5863-4d22-9b66-bffee1168462",
    "data": [
      {
        "text": "je veux supprimer la tache ",
        "userDefined": false
      },
      {
        "text": "faire les courses",
        "alias": "title",
        "meta": "@sys.any",
        "userDefined": true
      }
    ],
    "isTemplate": false,
    "count": 0,
    "updated": 1520004270
  }
]