[
  {
    "id": "56939b9a-cb8c-4fb0-ab4e-621d82becc66",
    "data": [
      {
        "text": "liste des tâches ",
        "userDefined": false
      },
      {
        "text": "prioritaires",
        "alias": "priority",
        "meta": "@Priority",
        "userDefined": false
      }
    ],
    "isTemplate": false,
    "count": 0,
    "updated": 1522233222
  },
  {
    "id": "a2b5c3cf-f7cd-4e2a-8661-78356dc32ad0",
    "data": [
      {
        "text": "litse de tâches",
        "userDefined": false
      }
    ],
    "isTemplate": false,
    "count": 0,
    "updated": 1522226492
  },
  {
    "id": "023d9813-a919-485a-aa9c-806d6897aa81",
    "data": [
      {
        "text": "affiche ",
        "userDefined": false
      },
      {
        "text": "moi",
        "meta": "@sys.ignore",
        "userDefined": false
      },
      {
        "text": " la liste des tâches",
        "userDefined": false
      }
    ],
    "isTemplate": false,
    "count": 0,
    "updated": 1522226492
  },
  {
    "id": "99187676-a7e0-420b-a796-b272e3d6c014",
    "data": [
      {
        "text": "Donne ",
        "userDefined": false
      },
      {
        "text": "moi",
        "meta": "@sys.ignore",
        "userDefined": false
      },
      {
        "text": " la liste",
        "userDefined": false
      }
    ],
    "isTemplate": false,
    "count": 0,
    "updated": 1522226492
  },
  {
    "id": "f25567cd-b338-430d-9660-59f872a0e126",
    "data": [
      {
        "text": "Montre ",
        "userDefined": false
      },
      {
        "text": "moi",
        "meta": "@sys.ignore",
        "userDefined": false
      },
      {
        "text": " mes taches",
        "userDefined": false
      }
    ],
    "isTemplate": false,
    "count": 0,
    "updated": 1522226492
  },
  {
    "id": "16005a4a-54ab-4a55-aed1-5fd25fe9950b",
    "data": [
      {
        "text": "liste des taches",
        "userDefined": false
      }
    ],
    "isTemplate": false,
    "count": 0,
    "updated": 1522226492
  },
  {
    "id": "a3abf6d3-218e-45f8-8cc4-2e42cb4a67e6",
    "data": [
      {
        "text": "Donne ",
        "userDefined": false
      },
      {
        "text": "moi",
        "meta": "@sys.ignore",
        "userDefined": false
      },
      {
        "text": " ma liste de taches",
        "userDefined": false
      }
    ],
    "isTemplate": false,
    "count": 0,
    "updated": 1522226492
  }
]