[
  {
    "id": "f0fb28a8-eb5e-4f2a-b325-be3b748f3869",
    "data": [
      {
        "text": "Wunder répond ",
        "userDefined": false
      },
      {
        "text": "moi",
        "meta": "@sys.ignore",
        "userDefined": false
      }
    ],
    "isTemplate": false,
    "count": 0,
    "updated": 1522233184
  },
  {
    "id": "1f7ddc7a-3d03-4da9-af68-7c080d2b1e41",
    "data": [
      {
        "text": "Je veux parler à Wunder",
        "userDefined": false
      }
    ],
    "isTemplate": false,
    "count": 0,
    "updated": 1522233184
  },
  {
    "id": "c52e33cd-e4ab-4006-9443-1148a97935d1",
    "data": [
      {
        "text": "Hello Wunder !",
        "userDefined": false
      }
    ],
    "isTemplate": false,
    "count": 0,
    "updated": 1522233184
  },
  {
    "id": "f9d5b4ee-c4f5-46d8-a53b-c0de43e3e90e",
    "data": [
      {
        "text": "Hello",
        "userDefined": false
      }
    ],
    "isTemplate": false,
    "count": 0,
    "updated": 1522233184
  },
  {
    "id": "c7c3b06d-c9fa-4bf3-bbe7-485fefa6fe05",
    "data": [
      {
        "text": "Salut",
        "userDefined": false
      }
    ],
    "isTemplate": false,
    "count": 0,
    "updated": 1522233184
  },
  {
    "id": "98b9025f-6fc8-4094-8a72-b1f9fc93203b",
    "data": [
      {
        "text": "Bonjour",
        "userDefined": false
      }
    ],
    "isTemplate": false,
    "count": 0,
    "updated": 1522233184
  }
]